Ell_Ratio,Max_Theta,Max_Distance,Avg_Range_61_64,Avg_Range_66_69,Avg_Range_71_74,Avg_Range_76_79,Avg_Range_81_84,Avg_Range_86_89,Avg_Range_91_94,Avg_Range_96_99,Avg_Range_101_104,Avg_Range_106_109,Avg_Range_111_114,Avg_Range_116_119
10,120,8.65529165384421,0.530207810726511,0.496105100895599,0.465231429593432,0.427553613350017,0.393949077272168,0.353347068899684,0.31761245761657,0.274782661709501,0.237552118534536,0.193222895402815,0.159326307844612,0.0941362721100809
30,120,7.79292646249146,0.52033719631291,0.492146642264756,0.466944372884858,0.435739789309075,0.40826101222479,0.374558246376829,0.345277004416102,0.309628394495448,0.279045392308342,0.242029179816821,0.213909156189155,0.132012506438645
50,120,6.93056127113872,0.510466581899316,0.488188183633916,0.468657316176282,0.443925965268133,0.422572947177409,0.395769423853972,0.372941551215632,0.344474127281391,0.320538666082146,0.290835464230827,0.268492004533698,0.169888740767213
70,120,6.06819607978598,0.500595967485719,0.484229725003075,0.470370259467706,0.452112141227191,0.436884882130033,0.416980601331116,0.400606098015164,0.379319860067336,0.36203193985595,0.339641748644834,0.323074852878242,0.20776497509578
90,120,5.20583088843323,0.490725353072122,0.480271266372233,0.472083202759128,0.460298317186248,0.451196817082654,0.438191778808258,0.428270644814694,0.414165592853278,0.403525213629755,0.388448033058839,0.377657701222785,0.245641209424348
